animal_id,source,species,breed,breed_secondary,name,age,gender,color,physical_desc,temperament,status,owner_name,adopted,intake_type,location,image_url,date_listed
cat-abys,thecatapi,chat,Abyssin,,Abyssin,,,,L'Abyssin est facile à entretenir et apporte beaucoup de joie dans un foyer. Ce sont des chats affectueux qui aiment autant les humains que les autres animaux.,"Actif, Énergique, Indépendant, Intelligent, Doux",,,,,Égypte,https://cdn2.thecatapi.com/images/0XYvRd7oD.jpg,
cat-aege,thecatapi,chat,Égéen,,Égéen,,,,"Originaire des îles grecques connues sous le nom de Cyclades, où ils sont un félin domestique naturel, le chat Égéen se développe comme pêcheur amical et intelligent. Affectueux, il vient souvent chercher des câlins.","Affectueux, Social, Intelligent, Joueur, Actif",,,,,Grèce,https://cdn2.thecatapi.com/images/ozEvzdVM-.jpg,
cat-abob,thecatapi,chat,Bobtail américain,,Bobtail,,,,"Le Bobtail américain est très intelligent et possède une apparence sauvage distinctive. Malgré son air féroce, c'est un chat affectueux et doux qui s'entend bien avec les enfants et les autres animaux.","Intelligent, Interactif, Vif, Joueur, Sensible",,,,,États-Unis,https://cdn2.thecatapi.com/images/hBXicehMA.jpg,
cat-acur,thecatapi,chat,American Curl,,Curl,,,,"L'American Curl se distingue par ses oreilles recourbées vers l'arrière. Il est joueur, curieux et s'adapte bien à la vie de famille. Sa personnalité enjouée persiste jusqu'à un âge avancé.","Affectueux, Curieux, Intelligent, Interactif, Vif, Joueur, Social",,,,,États-Unis,https://cdn2.thecatapi.com/images/xnsqonbjW.jpg,
cat-asho,thecatapi,chat,American Shorthair,,Shorthair,,,,"L'American Shorthair est un chat robuste et équilibré, connu pour sa santé et sa longévité. Doux et facile à vivre, c'est un excellent compagnon familial.","Actif, Curieux, Facile à vivre, Joueur, Calme",,,,,États-Unis,https://cdn2.thecatapi.com/images/JFPROfGtQ.jpg,
cat-awir,thecatapi,chat,American Wirehair,,Wirehair,,,,"L'American Wirehair se caractérise par son pelage dur et ondulé. Il est affectueux, calme et s'adapte facilement. Peu exigeant, c'est un chat idéal pour la vie en intérieur.","Affectueux, Curieux, Doux, Intelligent, Interactif, Vif, Loyal, Joueur, Sensible, Social",,,,,États-Unis,https://cdn2.thecatapi.com/images/8D--jCd21.jpg,
cat-amau,thecatapi,chat,Mau arabe,,Mau,,,,"Le Mau arabe est une race naturelle originaire du désert. Robuste et énergique, c'est un excellent chasseur. Il est loyal envers sa famille et s'adapte bien à la vie domestique.","Affectueux, Agile, Curieux, Indépendant, Joueur, Loyal",,,,,Émirats arabes unis,https://cdn2.thecatapi.com/images/k71ULYfRr.jpg,
cat-amis,thecatapi,chat,Mist australien,,Misty,,,,"Le Mist australien est un chat tacheté au tempérament doux. Affectueux sans être envahissant, il aime la compagnie et tolère bien la manipulation, ce qui en fait un bon chat de famille.","Vif, Social, Joueur, Détendu, Affectueux",,,,,Australie,https://cdn2.thecatapi.com/images/_6x-3TiCA.jpg,
cat-bali,thecatapi,chat,Balinais,,Balinais,,,,"Le Balinais est une version à poil long du Siamois. Gracieux et élégant, il est bavard, joueur et très attaché à ses humains. Il supporte mal la solitude.","Affectueux, Intelligent, Joueur",,,,,États-Unis,https://cdn2.thecatapi.com/images/13MkvUreZ.jpg,
cat-bamb,thecatapi,chat,Bambino,,Bambino,,,,"Le Bambino est un chat sans poil aux pattes courtes. Il est vif, curieux et adore être le centre d'attention. Malgré sa petite taille, il est plein d'énergie et d'affection.","Affectueux, Vif, Amical, Intelligent",,,,,États-Unis,https://cdn2.thecatapi.com/images/5AdhMjeEu.jpg,
cat-beng,thecatapi,chat,Bengal,,Bengal,,,,"Le Bengal a l'apparence d'un chat sauvage mais le caractère d'un chat domestique. Très actif et intelligent, il aime grimper, jouer avec l'eau et interagir avec sa famille.","Vigilant, Agile, Énergique, Exigeant, Intelligent",,,,,États-Unis,https://cdn2.thecatapi.com/images/O3btzLlsO.jpg,
cat-birm,thecatapi,chat,Birman,,Birman,,,,"Le Birman est un chat doux, calme et affectueux. Ses yeux bleus profonds et son pelage soyeux en font une race très appréciée. Il s'entend bien avec les enfants et les autres animaux.","Affectueux, Actif, Doux, Social",,,,,France,https://cdn2.thecatapi.com/images/HOrX5gwLS.jpg,
cat-bomb,thecatapi,chat,Bombay,,Bombay,,,,"Le Bombay ressemble à une panthère miniature avec son pelage noir lustré. Il est affectueux, joueur et aime être au centre de l'attention. Il s'adapte bien à la vie de famille.","Affectueux, Dépendant, Doux, Intelligent, Joueur",,,,,États-Unis,https://cdn2.thecatapi.com/images/5iYq9NmT1.jpg,
cat-bslo,thecatapi,chat,British Longhair,,Brit Shorthair,,,,"Le British Longhair est la version à poil long du British Shorthair. Calme, posé et affectueux, c'est un compagnon idéal qui apprécie autant les moments de jeu que les siestes.","Affectueux, Facile à vivre, Indépendant, Intelligent, Loyal, Social",,,,,Royaume-Uni,https://cdn2.thecatapi.com/images/7isAO4Cav.jpg,
cat-bsho,thecatapi,chat,British Shorthair,,Brit Shorthair,,,,"Le British Shorthair est un chat robuste au caractère équilibré. Calme et affectueux sans être collant, il est idéal pour la vie en appartement et s'entend bien avec les enfants.","Affectueux, Facile à vivre, Doux, Loyal, Patient, calm",,,,,Royaume-Uni,https://cdn2.thecatapi.com/images/s4wQfYoEk.jpg,
cat-bure,thecatapi,chat,Burmese,,Burmese,,,,"Le Burmese est un chat affectueux et sociable qui adore la compagnie. Joueur et curieux, il reste souvent « chaton » dans l'âme jusqu'à un âge avancé. Il supporte mal la solitude.","Curieux, Intelligent, Doux, Social, Interactif, Joueur, Vif",,,,,Birmanie,https://cdn2.thecatapi.com/images/4lXnnfxac.jpg,
cat-buri,thecatapi,chat,Burmilla,,Burmilla,,,,"Le Burmilla est un croisement entre le Burmese et le Chinchilla Persan. Il est joueur, affectueux et possède un magnifique pelage argenté. Il s'adapte facilement à tout type de foyer.","Facile à vivre, Amical, Intelligent, Vif, Joueur, Social",,,,,Royaume-Uni,https://cdn2.thecatapi.com/images/jvg3XfEdC.jpg,
cat-cspa,thecatapi,chat,California Spangled,,California,,,,"Le California Spangled est un chat au look sauvage créé pour sensibiliser à la protection des félins. Actif, intelligent et loyal, il a besoin de stimulation physique et mentale.","Affectueux, Curieux, Intelligent, Loyal, Social",,,,,États-Unis,https://cdn2.thecatapi.com/images/B1ERTmgph.jpg,
cat-ctif,thecatapi,chat,Chantilly-Tiffany,,Chantilly,,,,"Le Chantilly-Tiffany est un chat semi-longhair au caractère doux et affectueux. Il est loyal envers sa famille, s'entend bien avec les enfants et les autres animaux.","Affectueux, Exigeant, Interactif, Loyal",,,,,États-Unis,https://cdn2.thecatapi.com/images/TR-5nAd_S.jpg,
cat-char,thecatapi,chat,Chartreux,,Chartreux,,,,"Le Chartreux est un chat français au pelage gris-bleu et aux yeux orange. Calme, observateur et fidèle, c'est un compagnon discret mais très attaché à ses humains.","Affectueux, Loyal, Intelligent, Social, Vif, Joueur",,,,,France,https://cdn2.thecatapi.com/images/j6oFGLpRG.jpg,
dogceo-affenpinscher,dogceo,chien,Affenpinscher,,Affen,,,,,,,,,,,https://images.dog.ceo/breeds/affenpinscher/n02110627_7680.jpg,
dogceo-african,dogceo,chien,Chien africain,,Afro,,,,,,,,,,,https://images.dog.ceo/breeds/african-wild/n02116738_6813.jpg,
dogceo-airedale,dogceo,chien,Airedale Terrier,,Airedale,,,,,,,,,,,https://images.dog.ceo/breeds/airedale/n02096051_5267.jpg,
dogceo-akita,dogceo,chien,Akita,,Akita,,,,,,,,,,,https://images.dog.ceo/breeds/akita/Akita_Inu_dog.jpg,
dogceo-appenzeller,dogceo,chien,Bouvier de l'Appenzell,,Appenzell,,,,,,,,,,,https://images.dog.ceo/breeds/appenzeller/n02107908_2499.jpg,
dogceo-australian,dogceo,chien,Berger australien,,Aussie,,,,,,,,,,,https://images.dog.ceo/breeds/australian-kelpie/Resized_20201114_133404_109264920155921.jpg,
dogceo-bakharwal,dogceo,chien,Bakharwal,,Bakharwal,,,,,,,,,,,https://images.dog.ceo/breeds/bakharwal-indian/Bakharwal.jpg,
dogceo-basenji,dogceo,chien,Basenji,,Basenji,,,,,,,,,,,https://images.dog.ceo/breeds/basenji/n02110806_4322.jpg,
dogceo-beagle,dogceo,chien,Beagle,,Beagle,,,,,,,,,,,https://images.dog.ceo/breeds/beagle/n02088364_11509.jpg,
dogceo-bluetick,dogceo,chien,Bluetick Coonhound,,Bluetick,,,,,,,,,,,https://images.dog.ceo/breeds/bluetick/n02088632_1831.jpg,
dogceo-borzoi,dogceo,chien,Borzoï,,Borzoi,,,,,,,,,,,https://images.dog.ceo/breeds/borzoi/n02090622_1253.jpg,
dogceo-bouvier,dogceo,chien,Bouvier,,Bouvier,,,,,,,,,,,https://images.dog.ceo/breeds/bouvier/n02106382_2087.jpg,
dogceo-boxer,dogceo,chien,Boxer,,Boxer,,,,,,,,,,,https://images.dog.ceo/breeds/boxer/n02108089_9724.jpg,
dogceo-brabancon,dogceo,chien,Petit Brabançon,,Brabancon,,,,,,,,,,,https://images.dog.ceo/breeds/brabancon/n02112706_1970.jpg,
dogceo-briard,dogceo,chien,Briard,,Briard,,,,,,,,,,,https://images.dog.ceo/breeds/briard/n02105251_6138.jpg,
dogceo-buhund,dogceo,chien,Buhund norvégien,,Buhund,,,,,,,,,,,https://images.dog.ceo/breeds/buhund-norwegian/hakon1.jpg,
dogceo-bulldog,dogceo,chien,Bouledogue,,Bouledogue,,,,,,,,,,,https://images.dog.ceo/breeds/bulldog-boston/n02096585_2098.jpg,
dogceo-bullterrier,dogceo,chien,Bull Terrier,,Bully,,,,,,,,,,,https://images.dog.ceo/breeds/bullterrier-staffordshire/n02093256_3113.jpg,
dogceo-cattledog,dogceo,chien,Bouvier australien,,Cattledog,,,,,,,,,,,https://images.dog.ceo/breeds/cattledog-australian/IMG_3056.jpg,
dogceo-cavapoo,dogceo,chien,Cavapoo,,Cavapoo,,,,,,,,,,,https://images.dog.ceo/breeds/cavapoo/doggo4.jpg,
A928232,austin,chien,Mastiff,,Gus,2 ans,Mâle,Brun et noir,,,Adoption,,1,Stray,"Huy, Belgique",,2025-05-04
A926142,austin,chien,Labrador (croisé),,*Big Red,9 mois,Mâle,Roux,,,Adoption,,1,Owner Surrender,"Liège, Belgique",,2025-05-04
A917477,austin,chien,Mastiff,Pit Bull,Canelo,1 an,Mâle,Bringé brun,,,Adoption,,1,Stray,"Namur, Belgique",,2025-05-04
A785878,austin,chien,Bouvier australien,Labrador Retriever,*Brighton,8 ans,Mâle,Rouan et blanc,,,Adoption,,1,Stray,"Bruxelles, Belgique",,2025-05-04
A912968,austin,chien,Lévrier greyhound,,*Penny,1 an,Femelle,Fauve,,,Adoption,,1,Stray,"Charleroi, Belgique",,2025-05-04
A921762,austin,chien,Pit Bull,,Fiona,2 ans,Femelle,Blanc,,,Transfer,,0,Stray,"Mons, Belgique",,2025-05-04
A927485,austin,chien,Berger d'Anatolie (croisé),,*El Luchador,4 mois,Mâle,Bringé brun et blanc,,,Adoption,,1,Stray,"Tournai, Belgique",,2025-05-04
A924278,austin,chien,Berger allemand (croisé),,*Finn,2 ans,Mâle,Black/Brown,,,Adoption,,1,Stray,"Arlon, Belgique",,2025-05-04
A621834,austin,chien,Jack Russell Terrier (croisé),,Nahtha,15 ans,Femelle,Blanc et gris,,,Adoption,,1,Stray,"Dinant, Belgique",,2025-05-04
A929174,austin,chien,Border Collie,,Elly,1 an,Femelle,Blanc et noir,,,Adoption,,1,Stray,"Verviers, Belgique",,2025-05-04
A927435,austin,chien,Husky sibérien,,*Broccoli,2 mois,Mâle,Black/Brown,,,Adoption,,1,Stray,"Wavre, Belgique",,2025-05-04
A927578,austin,chien,Berger allemand,Labrador Retriever,Coyote,2 ans,Mâle,Brun et noir,,,Adoption,,1,Owner Surrender,"Ottignies, Belgique",,2025-05-04
A928789,austin,chien,Pit Bull,,*Gorgeous George,2 ans,Mâle,Roux et blanc,,,Adoption,,1,Public Assist,"Nivelles, Belgique",,2025-05-03
A929560,austin,chien,Chihuahua (poil court),,Firulais,6 ans,Mâle,Brun et blanc,,,Return to Owner,,0,Stray,"Marche-en-Famenne, Belgique",,2025-05-03
A928328,austin,chien,Labrador Retriever,Affenpinscher,*Willie,3 ans,Mâle,Black/White,,,Adoption,,1,Stray,"Bastogne, Belgique",,2025-05-03
A928772,austin,chien,Berger allemand,,*Cooper,7 ans,Mâle,Brun,,,Transfer,,0,Stray,"Ciney, Belgique",,2025-05-03
A928241,austin,chien,Labrador Retriever,Berger allemand,*Haagen-Dogs,2 mois,Mâle,Black/Brown,,,Adoption,,1,Stray,Outside Jurisdiction,,2025-05-03
A929631,austin,chien,Chihuahua (poil court),Teckel,Fiona,16 ans,Femelle,Fauve,,,Euthanasia,,0,Stray,"Andenne, Belgique",,2025-05-03
A914734,austin,chien,Pit Bull,,Rio,1 an,Femelle,Fauve et blanc,,,Transfer,,0,Stray,"Waremme, Belgique",,2025-05-03
A901944,austin,chien,Montagne des Pyrénées (croisé),,Wally,1 an,Mâle,Fauve et blanc,,,Adoption,,1,Stray,"Seraing, Belgique",,2025-05-02
A927632,austin,chien,Bull Terrier,,*Esperanza,4 mois,Femelle,Blanc et noir,,,Adoption,,1,Stray,"Herstal, Belgique",,2025-05-02
A926588,austin,chien,Montagne des Pyrénées,,Big,6 mois,Mâle,Blanc et fauve,,,Adoption,,1,Owner Surrender,"Ans, Belgique",,2025-05-02
A848454,austin,chat,"Chat domestique (poil court, croisé)",,Olli,11 ans,Femelle,Tabby roux,,,Adoption,,1,Owner Surrender,"Saint-Nicolas, Belgique",,2025-05-04
A464421,austin,chat,Siamois (croisé),,Princess,18 ans,Femelle,Lynx point,,,Adoption,,1,Owner Surrender,"Malines, Belgique",,2025-05-04
A927303,austin,chat,Chat domestique (poil court),,*Drusilla,1 an,Femelle,Écaille de tortue,,,Adoption,,1,Owner Surrender,"Louvain-la-Neuve, Belgique",,2025-05-04
A928474,austin,chat,Chat domestique (poil court),,*Midge,1 an,Femelle,Torbie,,,Adoption,,1,Public Assist,"Gembloux, Belgique",,2025-05-04
A928536,austin,chat,Chat domestique (poil court),,*Havana,2 mois,Mâle,Noir,,,Adoption,,1,Stray,"Jodoigne, Belgique",,2025-05-04
A926375,austin,chat,Chat domestique (poil court),,*Duck,1 mois,Mâle,Black/White,,,Adoption,,1,Stray,"Perwez, Belgique",,2025-05-04
A926373,austin,chat,Chat domestique (poil court),,*Owl,1 mois,Femelle,Noir,,,Adoption,,1,Stray,"Eghezée, Belgique",,2025-05-04
A926374,austin,chat,Chat domestique (poil court),,*Hen,1 mois,Femelle,Noir,,,Adoption,,1,Stray,"Hannut, Belgique",,2025-05-04
A929023,austin,chat,Chat domestique (poil court),,Pluto,3 ans,Mâle,Tabby brun et blanc,,,Adoption,,1,Owner Surrender,"Braives, Belgique",,2025-05-04
A929143,austin,chat,Chat domestique (poil court),,*Brandy,8 mois,Femelle,Tabby brun,,,Adoption,,1,Stray,"Huy, Belgique",,2025-05-03
A929266,austin,chat,Chat domestique (poil court),,*Natasha,2 ans,Femelle,Bleu,,,Adoption,,1,Stray,"Liège, Belgique",,2025-05-03
A928476,austin,chat,Chat domestique (poil court),,*Captain Catnip,6 mois,Mâle,Tabby crème,,,Adoption,,1,Stray,"Namur, Belgique",,2025-05-03
A929153,austin,chat,Chat domestique (poil long),,*Seraphina,2 ans,Femelle,Tricolore,,,Adoption,,1,Stray,"Bruxelles, Belgique",,2025-05-03
A927840,austin,chat,Chat domestique (poil long),,*Faygo,2 mois,Mâle,Roux,,,Adoption,,1,Stray,"Charleroi, Belgique",,2025-05-03
A927841,austin,chat,Chat domestique (poil long),,*Fanta,2 mois,Mâle,Chamois,,,Adoption,,1,Stray,"Mons, Belgique",,2025-05-03
A929095,austin,chat,Chat domestique (poil court),,Sawyer,3 ans,Mâle,Tabby bleu,,,Adoption,,1,Owner Surrender,"Tournai, Belgique",,2025-05-03
A929171,austin,chat,Chat domestique (poil court),,Gracie,3 ans,Femelle,Tabby crème et blanc,,,Adoption,,1,Owner Surrender,"Arlon, Belgique",,2025-05-03
A929532,austin,chat,Chat domestique (poil court),,Birdy,3 ans,Femelle,Tricolore,,,Transfer,,0,Owner Surrender,"Dinant, Belgique",,2025-05-03
A891961,austin,chat,Chat domestique (poil court),,*Lara,1 an,Femelle,Black/White,,,Adoption,,1,Stray,"Verviers, Belgique",,2025-05-03
A929103,austin,chat,Chat domestique (poil court),,*Jamie Lee,1 an,Femelle,Tabby bleu,,,Adoption,,1,Stray,"Wavre, Belgique",,2025-05-03
A929597,austin,chat,Chat domestique (poil court),,Munchkin,1 an,Femelle,Tabby brun,,,Transfer,,0,Stray,"Ottignies, Belgique",,2025-05-02
A929443,austin,chat,Chat domestique (poil court),,Kit Kat,2 ans,Femelle,Tabby bleu,,,Adoption,,1,Owner Surrender,"Nivelles, Belgique",,2025-05-02
A923417,austin,lapin,Lapin (poil court),,*Snowy,1 an,Mâle,Blanc et brun,,,Adoption,,1,Stray,"Marche-en-Famenne, Belgique",,2025-05-04
A923416,austin,lapin,Lapin (poil court),,*Rainy,1 an,Femelle,Blanc et brun,,,Adoption,,1,Stray,"Bastogne, Belgique",,2025-04-16
A927384,austin,lapin,Lapin (poil court),,*Napoleon,6 mois,Mâle,Blanc et noir,,,Adoption,,1,Stray,"Ciney, Belgique",,2025-04-09
A927315,austin,lapin,Lapin (poil court),,Lottie,9 mois,Femelle,Gris et blanc,,,Adoption,,1,Owner Surrender,"Andenne, Belgique",,2025-04-01
A927316,austin,lapin,Lapin (poil court),,Lola,9 mois,Femelle,Black/White,,,Adoption,,1,Owner Surrender,"Waremme, Belgique",,2025-04-01
A926270,austin,lapin,Lapin (poil court),,*Tippy,3 ans,Femelle,Blanc et brun,,,Adoption,,1,Stray,"Seraing, Belgique",,2025-03-19
A925193,austin,lapin,Lapin (poil court),,Calvin,4 mois,Mâle,Fauve,,,Adoption,,1,Owner Surrender,"Herstal, Belgique",,2025-03-13
A922821,austin,lapin,Lapin (poil long),,*Amy Lee,6 mois,Femelle,Noir,,,Adoption,,1,Owner Surrender,"Ans, Belgique",,2025-03-08
A923414,austin,lapin,Lapin (poil court),,*Sunshine,1 an,Mâle,Blanc et brun,,,Adoption,,1,Stray,"Saint-Nicolas, Belgique",,2025-03-07
A925193,austin,lapin,Lapin (poil court),,Calvin,4 mois,Mâle,Fauve,,,Adoption,,1,Owner Surrender,"Malines, Belgique",,2025-02-23
A925004,austin,lapin,Lapin (poil court),,Basil,14 ans,Mâle,Blue/White,,,Transfer,,0,Owner Surrender,"Louvain-la-Neuve, Belgique",,2025-02-23
A922392,austin,lapin,Lapin (poil court),,Skye,7 ans,Mâle,Blanc et bringé brun,,,Transfer,,0,Owner Surrender,"Gembloux, Belgique",,2025-02-11
A928645,austin,autre,Cochon d'Inde,,Brownie,3 ans,Mâle,Tricolore et roux,,,Transfer,,0,Owner Surrender,"Jodoigne, Belgique",,2025-04-29
A928643,austin,autre,Cochon d'Inde,,Leo,3 ans,Mâle,Tricolore et blanc,,,Transfer,,0,Owner Surrender,"Perwez, Belgique",,2025-04-29
A928646,austin,autre,Cochon d'Inde,,Olive,3 ans,Mâle,Tricolore et fauve,,,Transfer,,0,Owner Surrender,"Eghezée, Belgique",,2025-04-29
A927238,austin,autre,Cochon d'Inde,,Cow,4 ans,Femelle,Black/White,,,Transfer,,0,Owner Surrender,"Hannut, Belgique",,2025-04-10
A927236,austin,autre,Cochon d'Inde,,Peaches,4 ans,Femelle,Fauve et blanc,,,Transfer,,0,Owner Surrender,"Braives, Belgique",,2025-04-10
A927237,austin,autre,Cochon d'Inde,,Snickers,4 ans,Femelle,Tricolore,,,Transfer,,0,Owner Surrender,"Huy, Belgique",,2025-04-10
A918020,austin,autre,Furet,,Shoe,2 ans,Mâle,Noir,,,Adoption,,1,Owner Surrender,"Liège, Belgique",,2024-11-16
A918019,austin,autre,Furet,,Sock,1 an,Femelle,Blanc,,,Adoption,,1,Owner Surrender,"Namur, Belgique",,2024-11-16
A904927,austin,autre,Furet,,*Lean Cuisine,1 an,Unknown,Blanc,,,Adoption,,1,Stray,"Bruxelles, Belgique",,2024-05-20
A904933,austin,autre,Furet,,*Hungry Man,1 an,Unknown,Zibeline,,,Adoption,,1,Stray,"Charleroi, Belgique",,2024-05-20
A896727,austin,autre,Hamster,,Chente,1 an,Mâle,Blanc et gris,,,Return to Owner,,0,Stray,"Mons, Belgique",,2024-01-21
A893265,austin,autre,Hamster,,Cranberry,2 ans,Femelle,Brun et blanc,,,Adoption,,1,Abandoned,"Tournai, Belgique",,2023-11-22
A881463,austin,autre,Hamster,,*Deathwish,1 an,Femelle,Tricolore,,,Adoption,,1,Stray,"Arlon, Belgique",,2023-08-10
A864780,austin,autre,Hamster,,*Cupcake,1 an,Femelle,Roux et blanc,,,Adoption,,1,Stray,"Dinant, Belgique",,2022-09-10
A887101,austin,autre,Hérisson,,Jose,1 an,Mâle,Blanc et gris,,,Adoption,,1,Owner Surrender,"Verviers, Belgique",,2023-08-18
A821217,austin,autre,Hérisson,,*Quill I Am,4 mois,Unknown,Blanc et noir,,,Transfer,,0,Owner Surrender,"Wavre, Belgique",,2020-08-11
A927724,austin,oiseau,Poule,,*Hank,1 an,Mâle,Roux et noir,,,Adoption,,1,Stray,"Ottignies, Belgique",,2025-04-19
A919338,austin,oiseau,Poule,,*Bobsled,2 ans,Mâle,Gris,,,Adoption,,1,Stray,"Nivelles, Belgique",,2024-12-31
A919340,austin,oiseau,Poule,,*Holly,2 ans,Femelle,Brun,,,Adoption,,1,Stray,"Marche-en-Famenne, Belgique",,2024-12-31
A919339,austin,oiseau,Poule,,*Ivy,2 ans,Femelle,Gris,,,Adoption,,1,Stray,"Bastogne, Belgique",,2024-12-31
A919337,austin,oiseau,Poule,,*Carol,2 ans,Femelle,Noir,,,Adoption,,1,Stray,"Ciney, Belgique",,2024-12-23
A919121,austin,oiseau,Poule,,*Doug,1 an,Unknown,Blanc,,,Adoption,,1,Owner Surrender,"Andenne, Belgique",,2024-12-06
A918327,austin,oiseau,Poule,,*Juke,6 mois,Mâle,Noir,,,Adoption,,1,Owner Surrender,"Waremme, Belgique",,2024-12-06
A919122,austin,oiseau,Poule,,*Donnie,1 an,Unknown,Blanc,,,Adoption,,1,Owner Surrender,"Seraing, Belgique",,2024-12-06
A902283,austin,oiseau,Canard,,Mama Duck,2 ans,Femelle,Blanc,,,Lost,,0,Public Assist,"Herstal, Belgique",,2024-04-23
A902280,austin,oiseau,Canard,,More White/Black,2 ans,Unknown,Blanc,,,Adoption,,1,Public Assist,"Ans, Belgique",,2024-04-18
A902281,austin,oiseau,Canard,,Mostly Black/White,2 ans,Unknown,Blanc,,,Adoption,,1,Public Assist,"Saint-Nicolas, Belgique",,2024-04-18
A860540,austin,oiseau,Canard,,Quackly,3 mois,Unknown,Jaune,,,Return to Owner,,0,Stray,"Malines, Belgique",,2022-07-01
A832565,austin,oiseau,Canard,,*Moo,4 semaines,Unknown,Black/Yellow,,,Transfer,,0,Stray,"Louvain-la-Neuve, Belgique",,2021-04-15
A917336,austin,oiseau,Perruche,,*Rain,6 mois,Femelle,Bleu,,,Adoption,,1,Stray,"Gembloux, Belgique",,2024-11-10
A909674,austin,oiseau,Perruche,,Unknown,2 ans,Unknown,Vert,,,Euthanasia,,0,Wildlife,"Jodoigne, Belgique",,2024-07-19
A905113,austin,oiseau,Perruche,,*Henry Turner,3 mois,Unknown,Blue/White,,,Adoption,,1,Stray,"Perwez, Belgique",,2024-05-24
A886856,austin,oiseau,Perruche,,A886856,2 ans,Mâle,Vert et noir,,,Adoption,,1,Stray,"Eghezée, Belgique",,2023-08-19
A924361,austin,oiseau,Calopsitte,,River,2 ans,Unknown,Gris,,,Adoption,,1,Stray,"Hannut, Belgique",,2025-02-14
A870466,austin,oiseau,Calopsitte,,A870466,2 ans,Unknown,Jaune et gris,,,Adoption,,1,Stray,"Braives, Belgique",,2023-01-30
A847720,austin,oiseau,Calopsitte,,Screech,10 ans,Unknown,Tricolore,,,Transfer,,0,Owner Surrender,"Huy, Belgique",,2021-12-17
A817690,austin,autre,Cochon,,Piggy Smalls,4 ans,Mâle,Black/White,,,Adoption,,1,Stray,"Liège, Belgique",,2024-04-01
A837652,austin,autre,Cochon,,Peppa,2 ans,Mâle,Black/White,,,Return to Owner,,0,Stray,"Namur, Belgique",,2021-06-26
A795191,austin,autre,Cochon,,Loki,5 mois,Mâle,Blanc,,,Return to Owner,,0,Stray,"Bruxelles, Belgique",,2019-05-18
A788252,austin,autre,Cochon,,Bacon,4 mois,Unknown,Gris,,,Return to Owner,,0,Stray,"Charleroi, Belgique",,2019-01-29
A875558,austin,autre,Cochon nain,,Hazel,2 ans,Femelle,Blanc et noir,,,Return to Owner,,0,Abandoned,"Mons, Belgique",,2023-03-07
rl1204751,pet911,chien,,,Chien perdu,,Mâle,,Annonce signalée à Tournai : chien perdu — un mâle. Contactez le propriétaire via Pet's Book pour plus d'informations.,,Perdu,Tatiana,,,"Tournai, Belgique",https://cdn.pet911.ru/blur_17819584886a36875874a8e8.47064591_img_7977.webp,2024-11-20
rl1204748,pet911,chien,,,Chien perdu,,Mâle,,Annonce signalée à Arlon : chien perdu — un mâle. Contactez le propriétaire via Pet's Book pour plus d'informations.,,Perdu,Вера,,,"Arlon, Belgique",https://cdn.pet911.ru/blur_17819582286a3686540c0c23.62387029_381d0635ff184713b90a7efb50ad4ab0.webp,2026-06-20
rl1204737,pet911,chien,,,Chien perdu,,Femelle,,Annonce signalée à Dinant : chien perdu — une femelle. Contactez le propriétaire via Pet's Book pour plus d'informations.,,Perdu,Tatiana,,,"Dinant, Belgique",https://cdn.pet911.ru/blur_17819564256a367f4915b319.22271654_1000000453.webp,2026-06-20
rl1204727,pet911,chien,,,Chien perdu,,Femelle,,Annonce signalée à Verviers : chien perdu — une femelle. Contactez le propriétaire via Pet's Book pour plus d'informations.,,Perdu,Святослав,,,"Verviers, Belgique",https://cdn.pet911.ru/blur_17819560036a367da3660658.34216062_img_5647.webp,2026-06-16
rl1204722,pet911,chien,,,Chien perdu,,Femelle,,Annonce signalée à Wavre : chien perdu — une femelle. Contactez le propriétaire via Pet's Book pour plus d'informations.,,Perdu,Александра,,,"Wavre, Belgique",https://cdn.pet911.ru/blur_17819552496a367ab1a65e26.74044177_1000157895.webp,2026-06-19
rl1204719,pet911,chien,,,Chien perdu,,Mâle,,Annonce signalée à Ottignies : chien perdu — un mâle. Contactez le propriétaire via Pet's Book pour plus d'informations.,,Perdu,Артур,,,"Ottignies, Belgique",https://cdn.pet911.ru/blur_17819549206a36796813ba19.45806267_1000116965.webp,2026-06-17
rl1204717,pet911,chien,,,Chien perdu,,Femelle,,Annonce signalée à Nivelles : chien perdu — une femelle. Contactez le propriétaire via Pet's Book pour plus d'informations.,,Perdu,Диана,,,"Nivelles, Belgique",https://cdn.pet911.ru/blur_17819545266a3677de7affb4.06614327_img_1397.webp,2026-06-01
rl1204716,pet911,chien,,,Chien perdu,,Femelle,,Annonce signalée à Marche-en-Famenne : chien perdu — une femelle. Contactez le propriétaire via Pet's Book pour plus d'informations.,,Perdu,Maria,,,"Marche-en-Famenne, Belgique",https://cdn.pet911.ru/blur_17819547296a3678a9388c51.02371954_img_3239.webp,2026-06-20
rl1204715,pet911,chien,,,Chien perdu,,Femelle,,Annonce signalée à Bastogne : chien perdu — une femelle. Contactez le propriétaire via Pet's Book pour plus d'informations.,,Perdu,Римма,,,"Bastogne, Belgique",https://cdn.pet911.ru/blur_17819543686a367740b8cc14.92333965_e8341b987488474d93386c7ca55fffd7.webp,2026-06-16
rl1204711,pet911,chien,,,Chien perdu,,Mâle,,Annonce signalée à Ciney : chien perdu — un mâle. Contactez le propriétaire via Pet's Book pour plus d'informations.,,Perdu,Анвар,,,"Ciney, Belgique",https://cdn.pet911.ru/blur_17819537806a3674f48465a4.54071757_59243.webp,2026-06-20
rl1204708,pet911,chien,,,Chien perdu,,Femelle,,Annonce signalée à Andenne : chien perdu — une femelle. Contactez le propriétaire via Pet's Book pour plus d'informations.,,Perdu,еагений,,,"Andenne, Belgique",https://cdn.pet911.ru/blur_17819529666a3671c6f05817.49158633_img_4192.webp,2026-06-19
rl1204706,pet911,chien,,,Chien perdu,,Femelle,,Annonce signalée à Waremme : chien perdu — une femelle. Contactez le propriétaire via Pet's Book pour plus d'informations.,,Perdu,Natalia,,,"Waremme, Belgique",https://cdn.pet911.ru/blur_17819528946a36717e6eb2c1.36928571_img_9506.webp,2026-06-16
rl1204754,pet911,chat,,,Chat perdu,,Femelle,,Annonce signalée à Seraing : chat perdu — une femelle. Contactez le propriétaire via Pet's Book pour plus d'informations.,,Perdu,Tatiana,,,"Seraing, Belgique",https://cdn.pet911.ru/blur_17819586796a36881788a7a8.48586353_1000077786.webp,2026-06-01
rl1204753,pet911,chat,,,Chat perdu,,Femelle,,Annonce signalée à Herstal : chat perdu — une femelle. Contactez le propriétaire via Pet's Book pour plus d'informations.,,Perdu,Полина,,,"Herstal, Belgique",https://cdn.pet911.ru/blur_17819586766a368814c36a28.83150228_img_3910.webp,2026-06-18
rl1204744,pet911,chat,,,Chat perdu,,Femelle,,Annonce signalée à Ans : chat perdu — une femelle. Contactez le propriétaire via Pet's Book pour plus d'informations.,,Perdu,Настя,,,"Ans, Belgique",https://cdn.pet911.ru/blur_17819578016a3684a9af61f1.56110264_67da1d53579ba479ac02da3a2.webp,2026-06-17
rf1204750,pet911,chien,,,Chien trouvé,,Femelle,,Annonce signalée à Saint-Nicolas : chien trouvé — une femelle. Contactez le propriétaire via Pet's Book pour plus d'informations.,,Trouvé,,,,"Saint-Nicolas, Belgique",https://cdn.pet911.ru/blur_17819584756a36874b151ad2.29409269_7345.webp,2026-06-20
rf1204747,pet911,chien,,,Chien trouvé,,Mâle,,Annonce signalée à Malines : chien trouvé — un mâle. Contactez le propriétaire via Pet's Book pour plus d'informations.,,Trouvé,,,,"Malines, Belgique",https://cdn.pet911.ru/blur_17819581456a368601d312a7.64166077_img_6978.webp,2026-06-09
rf1204745,pet911,chien,,,Chien trouvé,,Femelle,,Annonce signalée à Louvain-la-Neuve : chien trouvé — une femelle. Contactez le propriétaire via Pet's Book pour plus d'informations.,,Trouvé,,,,"Louvain-la-Neuve, Belgique",https://cdn.pet911.ru/17819578286a3684c4369948.71779163_875ff175957642b7a6f8c6d2233b2b42.webp,2026-06-20
rf1204743,pet911,chien,,,Chien trouvé,,,,Annonce signalée à Gembloux : chien trouvé — un animal. Contactez le propriétaire via Pet's Book pour plus d'informations.,,Trouvé,,,,"Gembloux, Belgique",https://cdn.pet911.ru/blur_17819575556a3683b32ef398.80275840_1184.webp,2026-06-20
rf1204741,pet911,chien,,,Chien trouvé,,Mâle,,Annonce signalée à Jodoigne : chien trouvé — un mâle. Contactez le propriétaire via Pet's Book pour plus d'informations.,,Trouvé,,,,"Jodoigne, Belgique",https://cdn.pet911.ru/17819570626a3681c6457d36.65594972_img_4028.webp,2026-06-15
rf1204734,pet911,chien,,,Chien trouvé,,Mâle,,Annonce signalée à Perwez : chien trouvé — un mâle. Contactez le propriétaire via Pet's Book pour plus d'informations.,,Trouvé,,,,"Perwez, Belgique",https://cdn.pet911.ru/blur_17819562416a367e910c8277.08684682_1000047225.webp,2026-06-19
rf1204733,pet911,chien,,,Chien trouvé,,Femelle,,Annonce signalée à Eghezée : chien trouvé — une femelle. Contactez le propriétaire via Pet's Book pour plus d'informations.,,Trouvé,,,,"Eghezée, Belgique",https://cdn.pet911.ru/blur_17819561496a367e356b5b37.23358551_11652.webp,2026-06-15
rf1204732,pet911,chien,,,Chien trouvé,,Mâle,,Annonce signalée à Hannut : chien trouvé — un mâle. Contactez le propriétaire via Pet's Book pour plus d'informations.,,Trouvé,,,,"Hannut, Belgique",https://cdn.pet911.ru/blur_17819561236a367e1b1f0974.22413512_img_0637.webp,2026-06-20
rf1204729,pet911,chien,,,Chien trouvé,,Femelle,,Annonce signalée à Braives : chien trouvé — une femelle. Contactez le propriétaire via Pet's Book pour plus d'informations.,,Trouvé,,,,"Braives, Belgique",https://cdn.pet911.ru/blur_17819559716a367d83e67800.09460824_img_9440.webp,2026-06-20
rf1204720,pet911,chien,,,Chien trouvé,,Mâle,,Annonce signalée à Huy : chien trouvé — un mâle. Contactez le propriétaire via Pet's Book pour plus d'informations.,,Trouvé,,,,"Huy, Belgique",https://cdn.pet911.ru/blur_17819551886a367a7448fda5.43607443_1000039396.webp,2026-06-19
rf1204710,pet911,chien,,,Chien trouvé,,Femelle,,Annonce signalée à Liège : chien trouvé — une femelle. Contactez le propriétaire via Pet's Book pour plus d'informations.,,Trouvé,,,,"Liège, Belgique",https://cdn.pet911.ru/blur_17819537556a3674dbac7d97.15111325_img_20260620_131017.webp,2026-06-20
rf1204702,pet911,chien,,,Chien trouvé,,Femelle,,Annonce signalée à Namur : chien trouvé — une femelle. Contactez le propriétaire via Pet's Book pour plus d'informations.,,Trouvé,,,,"Namur, Belgique",https://cdn.pet911.ru/blur_17819528806a3671703d39a3.79610859_1780231971458.webp,2026-05-31
rf1204730,pet911,chat,,,Chat trouvé,,Femelle,,Annonce signalée à Bruxelles : chat trouvé — une femelle. Contactez le propriétaire via Pet's Book pour plus d'informations.,,Trouvé,,,,"Bruxelles, Belgique",https://cdn.pet911.ru/blur_17819560206a367db47a3901.87060295_37038.webp,2026-06-14
rf1204728,pet911,chat,,,Chat trouvé,,Mâle,,Annonce signalée à Charleroi : chat trouvé — un mâle. Contactez le propriétaire via Pet's Book pour plus d'informations.,,Trouvé,,,,"Charleroi, Belgique",https://cdn.pet911.ru/blur_17819559586a367d761d1425.42952215_1000218607.webp,2026-06-19
rf1204725,pet911,chat,,,Chat trouvé,,Mâle,,Annonce signalée à Mons : chat trouvé — un mâle. Contactez le propriétaire via Pet's Book pour plus d'informations.,,Trouvé,,,,"Mons, Belgique",https://cdn.pet911.ru/blur_17819556386a367c36684746.54890304_img_4213.webp,2026-06-20
